{
  "nomeRoleta": "Roleta de Prêmios",
  "logo": "https://via.placeholder.com/150x50?text=Logo",
  "corFundo": "#f0f0f0",
  "corTabelas": "#3498db",
  "premios": [
    { "nome": "Cupom de R$50 🤑", "imagem": "https://via.placeholder.com/100/3498db/ffffff?text=CUPOM" },
    { "nome": "Camiseta Grátis 👕", "imagem": "https://via.placeholder.com/100/e74c3c/ffffff?text=CAMISA" },
    { "nome": "Frete Grátis 🚚", "imagem": "https://via.placeholder.com/100/2ecc71/ffffff?text=FRETE" },
    { "nome": "Chaveiro Exclusivo ✨", "imagem": "https://via.placeholder.com/100/f39c12/ffffff?text=CHAVEIRO" },
    { "nome": "Caneca Personalizada ☕", "imagem": "https://via.placeholder.com/100/9b59b6/ffffff?text=CANECA" },
    { "nome": "50% de Desconto 🎉", "imagem": "https://via.placeholder.com/100/1abc9c/ffffff?text=50%" },
    { "nome": "Kit de Adesivos 🥰", "imagem": "https://via.placeholder.com/100/e67e22/ffffff?text=ADESIVOS" },
    { "nome": "Brinde Surpresa 🎁", "imagem": "https://via.placeholder.com/100/7f8c8d/ffffff?text=BRINDE" }
  ]
}
